Search String,Authors,Article Title,Source Title,Publication Year,Volume,Issue,Start Page,End Page,Article Number,DOI,Examined,Notes,Include in MCDA Stats,1a,1b,2a,2b,2c,2d,3a,3b,4a,4b,4c,4d,5a,5b,5c,5d,5e,5f,Notes on MCDA
"""multiobjective OR multi-objective OR multicriteria OR multi-criteria) AND dam removal""","Zamarron-Mieza, I; Yepes, V; Moreno-Jimenez, JM",A systematic review of application of multi-criteria decision analysis for aging-dam management,JOURNAL OF CLEANER PRODUCTION,2017,147,,217,230,,10.1016/j.jclepro.2017.01.092,irrelevant,reviews types of decision problems MCDAs have been used for in dam management and reviews techniques,No,NA,NA,NA,NA,NA,NA,NA,NA,NA,NA,NA,NA,NA,NA,NA,NA,NA,NA,
"""multiobjective OR multi-objective OR multicriteria OR multi-criteria) AND dam removal""","Zheng, PQ; Hobbs, BF","Multiobjective Portfolio Analysis of Dam Removals Addressing Dam Safety, Fish Populations, and Cost",JOURNAL OF WATER RESOURCES PLANNING AND MANAGEMENT,2013,139,1,65,75,,10.1061/(ASCE)WR.1943-5452.0000209,yes,includes convoluted metrics for safety and fish (specifically desirable fish-walleye and undesirable fish sea lamprey),Yes,1,1,0,0,0,0,0,1,0,0,0,0,1,0,0,0,0,0,
"""multiobjective OR multi-objective OR multicriteria OR multi-criteria) AND dam removal""","Kuby, MJ; Fagan, WF; ReVelle, CS; Graf, WL",A multiobjective optimization model for dam removal: an example trading off salmon passage with hydropower and water storage in the Willamette basin,ADVANCES IN WATER RESOURCES,2005,28,8,845,855,,10.1016/j.advwatres.2004.12.015,yes,"simple metrics balancing fish passage, storage capacity, and hydroelectric generation; early citation for the benefit of coordinated dam removal",Yes,0,0,1,1,0,1,0,0,0,0,0,0,1,0,0,0,0,0,
"""multiobjective OR multi-objective OR multicriteria OR multi-criteria) AND dam removal""","Guetz, K; Joyal, T; Dickson, B; Perry, D",Prioritizing dams for removal to advance restoration and conservation efforts in the western United States,RESTORATION ECOLOGY,,,,,,e13583,10.1111/rec.13583,yes,incorporated in objectives and metrics doc,Yes,0,0,0,0,0,0,0,1,0,0,0,0,0,1,0,0,0,0,"I am assuming that prioritizing sites with low % impervious cover, flow alteration, and high restored connectivity, are located in fish priority areas, even when not explicitly stated are aimed toward promoting a diverse assemblage of freshwater organisms. They also included floodplain alteration which could be related to water quality as an objective but this isn't stated. Social feasibility seems like a means objective rather than a fundamental objective which is why I don't include it here."
"""multiobjective OR multi-objective OR multicriteria OR multi-criteria) AND dam removal""","Yang, M; Qian, X; Zhang, YH; Sheng, JB; Shen, DL; Ge, Y",Spatial Multicriteria Decision Analysis of Flood Risks in Aging-Dam Management in China: A Framework and Case Study,INTERNATIONAL JOURNAL OF ENVIRONMENTAL RESEARCH AND PUBLIC HEALTH,2011,8,5,1368,1387,,10.3390/ijerph8051368,yes,"only briefly skimmed, may hand off to Matt and Dan",No,0,0,0,0,0,1,0,0,0,0,0,0,0,0,0,0,0,0,"This MCDA is distinct in that the criteria are related to the consequences of flood risk which has economic, social, and environmental dimensions. I therefore only included reduce flood risk as an objective for this study. Flood-induced erosion, the environmental criterion, was not explicitly related to an environmental outcome. "
"""multiobjective OR multi-objective OR multicriteria OR multi-criteria) AND dam removal""","Roy, SG; Uchida, E; de Souza, SP; Blachly, B; Fox, E; Gardner, K; Gold, AJ; Jansujwicz, J; Klein, S; McGreavy, B; Mo, WW; Smith, SMC; Vogler, E; Wilson, K; Zydlewski, J; Hart, D","A multiscale approach to balance trade-offs among dam infrastructure, river restoration, and cost",PROCEEDINGS OF THE NATIONAL ACADEMY OF SCIENCES OF THE UNITED STATES OF AMERICA,2018,115,47,12069,12074,,10.1073/pnas.1807437115,yes,very useful metrics; uses genetic algorithm to generate removal scenarios across a number of dams,Yes,1,0,1,1,0,0,0,1,1,1,0,1,1,0,0,0,1,0,
"""multiobjective OR multi-objective OR multicriteria OR multi-criteria) AND dam removal""","Cortes, RMV; Peredo, A; Terencio, DPS; Fernandes, LFS; Moura, JP; Jesus, JJB; Magalhaes, MPM; Ferreira, PJS; Pacheco, FAL",Undamming the Douro River Catchment: A Stepwise Approach for Prioritizing Dam Removal,WATER,2019,11,4,,,693,10.3390/w11040693,irrelevant,connectivity model; MCDA in future work,No,NA,NA,NA,NA,NA,NA,NA,NA,NA,NA,NA,NA,NA,NA,NA,NA,NA,NA,
"""multiobjective OR multi-objective OR multicriteria OR multi-criteria) AND dam removal""","Brown, PH; Tullos, D; Tilt, B; Magee, D; Wolf, AT",Modeling the costs and benefits of dam construction from a multidisciplinary perspective,JOURNAL OF ENVIRONMENTAL MANAGEMENT,2009,90,,S303,S311,,10.1016/j.jenvman.2008.07.025,yes,do give metrics so ammended to include,Yes,0,0,1,1,1,1,0,0,0,0,0,1,0,1,0,1,0,0,indirectly include water demand through agricultural economic activity and downstream irrigated area but not directly
"""multiobjective OR multi-objective OR multicriteria OR multi-criteria) AND dam removal""","Song, CH; O'Malley, A; Zydlewski, J; Mo, WW",Balancing fish-energy-cost tradeoffs through strategic basin-wide dam management,RESOURCES CONSERVATION AND RECYCLING,2020,161,,,,104990,10.1016/j.resconrec.2020.104990,yes,used slightly more complex fish and hydropower metrics,Yes,1,0,0,1,0,0,0,0,0,0,0,0,1,0,0,0,0,0,"I include ""sea run"" fish under inland fisheries"
"""multiobjective OR multi-objective OR multicriteria OR multi-criteria) AND dam removal""","Terencio, DPS; Pacheco, FAL; Fernandes, LFS; Cortes, RMV",Is it safe to remove a dam at the risk of a sprawl by exotic fish species?,SCIENCE OF THE TOTAL ENVIRONMENT,2021,771,,,,144768,10.1016/j.scitotenv.2020.144768,yes,"includes several metrics but they are not well explained (e.g., prioritize structures made of ""land"" and riprap over concrete",Yes,0,0,0,0,0,0,0,0,0,0,0,0,0,1,1,0,1,0,
"""multiobjective OR multi-objective OR multicriteria OR multi-criteria) AND dam removal""","Roy, SG; Daigneault, A; Zydlewski, J; Truhlar, A; Smith, S; Jain, S; Hart, D",Coordinated river infrastructure decisions improve net social-ecological benefits,ENVIRONMENTAL RESEARCH LETTERS,2020,15,10,,,104054,10.1088/1748-9326/abad58,yes,"considers coordinated dam removal and culvert replacement; criteria are functional habitat area for returning river herring, road safety, and project cost",Yes,1,0,0,0,0,0,0,1,0,0,0,0,1,0,0,0,0,0,"Coordinated dam and culvert removal. Safety metric oriented toward culverts but analogous to dam safety risk. Indirectly incorporates transportation for culverts which may be a ""navigation"" criteria if you expand to both types of barriers"
"""multiobjective OR multi-objective OR multicriteria OR multi-criteria) AND dam removal""","Whittington, D; Smith, VK",The Ex-Ante Economic Analysis of Investments in Large Dams: A Brief History,WATER ECONOMICS AND POLICY,2020,6,4,,,2050010,10.1142/S2382624X20500101,irrelevant,"couldn't access but it doesn't seem like it contains metrics, rather describes the use of multiple metrics in economic analyses of dams",No,NA,NA,NA,NA,NA,NA,NA,NA,NA,NA,NA,NA,NA,NA,NA,NA,NA,NA,
"""multiobjective OR multi-objective OR multicriteria OR multi-criteria) AND dam removal""","Corsair, HJ; Ruch, JB; Zheng, PQ; Hobbs, BF; Koonce, JF",Multicriteria Decision Analysis of Stream Restoration: Potential and Examples,GROUP DECISION AND NEGOTIATION,2009,18,4,387,417,,10.1007/s10726-008-9148-4,yes,contains some commercial and sport fish metrics specific to Lake Eerie in the example of Ballville Dam; includes some good information about MCDA in general,Yes,1,1,0,0,0,0,0,0,0,0,0,0,1,0,1,0,0,0,water supply component was expressed through cost rather than water quantity so I counted it as a maintanence cost rather than water supply; lamprey are included ostensibly through x2 which is native species: total species biomass ratio
"""multiobjective OR multi-objective OR multicriteria OR multi-criteria) AND dam removal""","Zheng, PQ; Hobbs, BF; Koonce, JF",Optimizing multiple dam removals under multiple objectives: Linking tributary habitat and the Lake Erie ecosystem,WATER RESOURCES RESEARCH,2009,45,,,,W12417,10.1029/2008WR007589,yes,essentially the same metrics as Zheng 2013,Yes,1,1,0,0,0,0,0,0,0,0,0,0,1,0,0,0,0,0,
"""multiobjective OR multi-objective OR multicriteria OR multi-criteria) AND dam removal""","Almeida, RM; Shi, QR; Gomes-Selman, JM; Wu, XJ; Xue, YX; Angarita, H; Barros, N; Forsberg, BR; Garcia-Villacorta, R; Hamilton, SK; Melack, JM; Montoya, M; Perez, G; Sethi, SA; Gomes, CP; Flecker, AS",Reducing greenhouse gas emissions of Amazon hydropower with strategic dam planning,NATURE COMMUNICATIONS,2019,10,,,,4281,10.1038/s41467-019-12179-5,yes,good GHG metrics,Yes,0,0,0,1,0,0,0,0,0,0,0,0,0,0,0,1,0,0,need to note that we include dam construction prioritization studies if they included relevant metrics but we did not explicitly search for them 
"""multiobjective OR multi-objective OR multicriteria OR multi-criteria) AND dam removal""","Haregeweyn, N; Melesse, B; Tsunekawa, A; Tsubo, M; Meshesha, D; Balana, BB",Reservoir sedimentation and its mitigating strategies: a case study of Angereb reservoir (NW Ethiopia),JOURNAL OF SOILS AND SEDIMENTS,2012,12,2,291,305,,10.1007/s11368-011-0447-z,irrelevant,MCDA for management stratgies for a sedimented reservoir. Criteria were rated on a scale of 1-3 by a panel of experts. May be a citation for this approach.,No,NA,NA,NA,NA,NA,NA,NA,NA,NA,NA,NA,NA,NA,NA,NA,NA,NA,NA,
"""multiobjective OR multi-objective OR multicriteria OR multi-criteria) AND dam removal""","Ioannidou, C; O'Hanley, JR",Eco-friendly location of small hydropower,EUROPEAN JOURNAL OF OPERATIONAL RESEARCH,2018,264,3,907,918,,10.1016/j.ejor.2016.06.067,yes,"Small hydropower siting optimization model that balances hydropower potential with diadromous fish passage. Unlike other models, includes the backwater effect--rise in water surface elevation behind the dam which can lower the hydraulic head of upstream structures--on other structures in calculating the hydropower potential of a new structure.",Yes,0,0,0,1,0,0,0,0,0,0,0,0,1,0,0,0,0,0,
"""multiobjective OR multi-objective OR multicriteria OR multi-criteria) AND dam removal""","Lin, HY; Cooke, SJ; Wolter, C; Young, N; Bennett, JR",On the conservation value of historic canals for aquatic ecosystems,BIOLOGICAL CONSERVATION,2020,251,,,,108764,10.1016/j.biocon.2020.108764,irrelevant,interesting paper to potentially cite in future NEWN work RE the conservation value of anthropogenic waters but not about dams or their removal,No,NA,NA,NA,NA,NA,NA,NA,NA,NA,NA,NA,NA,NA,NA,NA,NA,NA,NA,
"""multiobjective OR multi-objective OR multicriteria OR multi-criteria) AND dam removal""","Pasha, MFK; Yeasmin, D; Yang, M; Rowan, L; Smith, B",Multiobjective Functions to Identify the High-Power-Density Stream Reaches in Hydropower Resource Assessment,JOURNAL OF WATER RESOURCES PLANNING AND MANAGEMENT,2018,144,3,,,4018002,10.1061/(ASCE)WR.1943-5452.0000901,yes,hydropower siting; trade off capacity and environmental impacts which they estimate using cost functions,Yes,0,0,0,1,0,0,0,0,0,0,1,0,1,1,0,0,0,0,"although environmental impacts are monetized, I did not include these metrics as minimizing implementation cost as the intention of the MCDA was to tradeoff hydropower capacity and environmental impact. They include recreation mitigation as a cost if the site in located in a park. This does not fall into one of our established categories. Maybe minimize interruption to recreation is a separate objective."
"""multiobjective OR multi-objective OR multicriteria OR multi-criteria) AND dam removal""","Sheng, DY",Design Optimization of a Single-Strand Tundish Based on CFD-Taguchi-Grey Relational Analysis Combined Method,METALS,2020,10,11,,,1539,10.3390/met10111539,irrelevant,not about dams,No,NA,NA,NA,NA,NA,NA,NA,NA,NA,NA,NA,NA,NA,NA,NA,NA,NA,NA,
"""multiobjective OR multi-objective OR multicriteria OR multi-criteria) AND dam removal""","Parmar, DL; Keshari, AK",Wasteload Allocation Using Wastewater Treatment and Flow Augmentation,ENVIRONMENTAL MODELING & ASSESSMENT,2014,19,1,35,44,,10.1007/s10666-013-9378-y,irrelevant,optimizing dam operation to reduce BOD from WWTP discharges,No,NA,NA,NA,NA,NA,NA,NA,NA,NA,NA,NA,NA,NA,NA,NA,NA,NA,NA,
"""multiobjective OR multi-objective OR multicriteria OR multi-criteria) AND dam removal""","Friedman, JM; Auble, GT",Mortality of riparian box elder from sediment mobilization and extended inundation,REGULATED RIVERS-RESEARCH & MANAGEMENT,1999,15,5,463,476,,10.1002/(SICI)1099-1646(199909/10)15:5<463::AID-RRR559>3.0.CO;2-Z,irrelevant,not about dam removal,No,NA,NA,NA,NA,NA,NA,NA,NA,NA,NA,NA,NA,NA,NA,NA,NA,NA,NA,
"""multiobjective OR multi-objective OR multicriteria OR multi-criteria) AND dam removal""","Gonzalez-Zeas, D; Rosero-Lopez, D; Walter, T; Flecker, A; Lloret, P; De Bievre, B; Condom, T; Osorio, R; Dangles, O",Designing Eco-Friendly Water Intake Portfolios in a Tropical Andean Stream Network,WATER RESOURCES RESEARCH,2019,55,8,6946,6967,,10.1029/2019WR025190,irrelevant,not about dams although another interesting application of MCDA for water infrastructure (water intakes on major rivers),No,NA,NA,NA,NA,NA,NA,NA,NA,NA,NA,NA,NA,NA,NA,NA,NA,NA,NA,
"""prioritiz* AND (dam removal OR dam decommissioning)""","Doyle, MW; Harbor, JM; Stanley, EH",Toward policies and decision-making for dam removal,ENVIRONMENTAL MANAGEMENT,2003,31,4,453,465,,10.1007/s00267-002-2819-z,yes,"suggests categories of criteria for removal but is not itself an MCDA so did not include it. Suggested categories: reducing greatest safety risks, economics, establishing complete free-flowing river corridors, improving survivability of target/sensitive species, enhancing ongoing or proposed river restoration projects",No,NA,NA,NA,NA,NA,NA,NA,NA,NA,NA,NA,NA,NA,NA,NA,NA,NA,NA,
"""prioritiz* AND (dam removal OR dam decommissioning)""","Kocovsky, PM; Ross, RM; Dropkin, DS",PRIORITIZING REMOVAL OF DAMS FOR PASSAGE OF DIADROMOUS FISHES ON A MAJOR RIVER SYSTEM,RIVER RESEARCH AND APPLICATIONS,2009,25,2,107,117,,10.1002/rra.1094,yes,used combination of HIS and connectivity for diadromous ,No,NA,NA,NA,NA,NA,NA,NA,NA,NA,NA,NA,NA,NA,NA,NA,NA,NA,NA,did not include because all metrics pertain to the same category (inland fisheries)
"""prioritiz* AND (dam removal OR dam decommissioning)""","Null, SE; Medellin-Azuara, J; Escriva-Bou, A; Lent, M; Lund, JR",Optimizing the dammed: Water supply losses and fish habitat gains from dam removal in California,JOURNAL OF ENVIRONMENTAL MANAGEMENT,2014,136,,121,131,,10.1016/j.jenvman.2014.01.024,yes,use an established water infrastructure model for California,Yes,0,0,1,1,0,0,0,0,0,0,0,0,1,0,0,0,0,0,hydropower and water delivery parameterized as economic functions but did not account for e.g. implementation cost
"""prioritiz* AND (dam removal OR dam decommissioning)""","Hoenke, KM; Kumar, M; Batt, L",A GIS based approach for prioritizing dams for potential removal,ECOLOGICAL ENGINEERING,2014,64,,27,36,,10.1016/j.ecoleng.2013.12.009,yes,fairly well cited MCDA for NC dams; I believe forms the basis for SARP,Yes,0,0,0,0,0,0,0,1,0,0,0,1,1,1,0,0,1,0,"hydropower and water supply are incorporated into the metric ""avoid social conflict"" but are not separate considerations so I did not count them here"
"""prioritiz* AND (dam removal OR dam decommissioning)""","Quinones, RM; Grantham, TE; Harvey, BN; Kiernan, JD; Klasson, M; Wintzer, AP; Moyle, PB",Dam removal and anadromous salmonid (Oncorhynchus spp.) conservation in California,REVIEWS IN FISH BIOLOGY AND FISHERIES,2015,25,1,195,215,,10.1007/s11160-014-9359-5,yes,several metrics related to salmonid fisheries but no criteria in other categories,No,NA,NA,NA,NA,NA,NA,NA,NA,NA,NA,NA,NA,NA,NA,NA,NA,NA,NA,did not include because all metrics pertain to the same category (inland fisheries)
"""prioritiz* AND (dam removal OR dam decommissioning)""","Botero-Jaramillo, E; Ossa-Lopez, A; Flores-Berrones, R",Strategies for Dam Safety Risk Management in Mexico,TECNOLOGIA Y CIENCIAS DEL AGUA,2015,6,3,5,14,,,yes,includes some interesting statistics on dam characteristics in Mexico but nothing related to metrics,No,NA,NA,NA,NA,NA,NA,NA,NA,NA,NA,NA,NA,NA,NA,NA,NA,NA,NA,
"""prioritiz* AND (dam removal OR dam decommissioning)""","Reilly, KH; Adamowski, JF","Stakeholders' frames and ecosystem service use in the context of a debate over rebuilding or removing a dam in New Brunswick, Canada",ECOLOGY AND SOCIETY,2017,22,1,,,17,10.5751/ES-09045-220117,yes,"not an MCDA but interesting analysis of the reason for support and opposition to the removal of a dam; reference using documents like blogs, internet comments, letters to the editor to analyze public opinion",No,NA,NA,NA,NA,NA,NA,NA,NA,NA,NA,NA,NA,NA,NA,NA,NA,NA,NA,
"""prioritiz* AND (dam removal OR dam decommissioning)""","Thieme, ML; Khrystenko, D; Qin, SY; Kroner, REG; Lehner, B; Pack, S; Tockner, K; Zarfl, C; Shahlbol, N; Mascia, MB",Dams and protected areas: Quantifying thespatial and temporal extent of global dam construction within protected areas,CONSERVATION LETTERS,2020,13,4,,,e12719,10.1111/conl.12719,irrelevant,hydroinfrastructure can lead to the downgrading or decomissioning of protected areas,No,NA,NA,NA,NA,NA,NA,NA,NA,NA,NA,NA,NA,NA,NA,NA,NA,NA,NA,
"""prioritiz* AND (dam removal OR dam decommissioning)""","Fitzpatrick, KB; Neeson, TM",Aligning dam removals and road culvert upgrades boosts conservation return-on-investment,ECOLOGICAL MODELLING,2018,368,,198,204,,10.1016/j.ecolmodel.2017.11.018,yes,simulation demonstrating the benefit of a mixed strategy of dam and culvert removal,Yes,1,0,0,0,0,0,0,0,0,0,0,0,1,1,0,0,0,0,The network is hypothetical but analysis still points to relevant considerations; this example makes me think that separating anadromous from resident fish is important. What about species with a fishery vs. those that are otherwise of conservation interest
"""prioritiz* AND (dam removal OR dam decommissioning)""","Foley, MM; Magilligan, FJ; Torgersen, CE; Major, JJ; Anderson, CW; Connolly, PJ; Wieferich, D; Shafroth, PB; Evans, JE; Infante, D; Craig, LS",Landscape context and the biophysical response of rivers to dam removal in the United States,PLOS ONE,2017,12,7,,,e0180107,10.1371/journal.pone.0180107,yes,"report on spatial and landscape characteristic patterns of dam removal in the US; report on the suprising lack of before-after studies of dam removal, particularly for biological metrics; citation for difficulty in inferring outcomes of dam removals given the few before-after studies which have been conducted, particularly for biological endpoints",No,NA,NA,NA,NA,NA,NA,NA,NA,NA,NA,NA,NA,NA,NA,NA,NA,NA,NA,
"""prioritiz* AND (dam removal OR dam decommissioning)""","McKay, SK; Martin, EH; McIntyre, PB; Milt, AW; Moody, AT; Neeson, TM",A comparison of approaches for prioritizing removal and repair of barriers to stream connectivity,RIVER RESEARCH AND APPLICATIONS,2020,36,8,1754,1761,,10.1002/rra.3684,yes,revisit when brainstorming metrics; focus primarily on decision methods following parameterization of the decision problem; outlines criteria with respect to different stakeholders,No,NA,NA,NA,NA,NA,NA,NA,NA,NA,NA,NA,NA,NA,NA,NA,NA,NA,NA,
"""prioritiz* AND (dam removal OR dam decommissioning)""","Cooper, AR; Infante, DM; Wehrly, KE; Wang, LZ; Brenden, TO",Identifying indicators and quantifying large-scale effects of dams on fishes,ECOLOGICAL INDICATORS,2016,61,,646,657,,10.1016/j.ecolind.2015.10.016,yes,revisit; relates a variety of dam connectivity metrics as well as watershed characteristics to fish communities; not an MCDA,No,NA,NA,NA,NA,NA,NA,NA,NA,NA,NA,NA,NA,NA,NA,NA,NA,NA,NA,
"""prioritiz* AND (dam removal OR dam decommissioning)""","Gangloff, MM; Hartfield, EE; Werneke, DC; Feminella, JW",Associations between small dams and mollusk assemblages in Alabama streams,JOURNAL OF THE NORTH AMERICAN BENTHOLOGICAL SOCIETY,2011,30,4,1107,1116,,10.1899/10-092.1,yes,revisit; relate mussel CPUE to dam status; not an MCDA,No,NA,NA,NA,NA,NA,NA,NA,NA,NA,NA,NA,NA,NA,NA,NA,NA,NA,NA,
"""prioritiz* AND (dam removal OR dam decommissioning)""","Branco, P; Segurado, P; Santos, JM; Ferreira, MT",Prioritizing barrier removal to improve functional connectivity of rivers,JOURNAL OF APPLIED ECOLOGY,2014,51,5,1197,1206,,10.1111/1365-2664.12317,yes,revisit metric; removal prioritization based on reconnecting habitat of two species considering functional connectivity; habitat suitability approach,No,NA,NA,NA,NA,NA,NA,NA,NA,NA,NA,NA,NA,NA,NA,NA,NA,NA,NA,not including because there is no tradeoff with other objectives
"""prioritiz* AND (dam removal OR dam decommissioning)""","Rodeles, AA; Galicia, D; Miranda, R",A new method to include fish biodiversity in river connectivity indices with applications in dam impact assessments,ECOLOGICAL INDICATORS,2020,117,,,,106605,10.1016/j.ecolind.2020.106605,yes,revisit; incorporates habitat suitability models into connectivity metrics; not MCDA,No,NA,NA,NA,NA,NA,NA,NA,NA,NA,NA,NA,NA,NA,NA,NA,NA,NA,NA,not including because there is no tradeoff with other objectives
"""prioritiz* AND (dam removal OR dam decommissioning)""","McKay, SK; Cooper, AR; Diebel, MW; Elkins, D; Oldford, G; Roghair, C; Wieferich, D",Informing Watershed Connectivity Barrier Prioritization Decisions: A Synthesis,RIVER RESEARCH AND APPLICATIONS,2017,33,6,847,862,,10.1002/rra.3021,yes,revisit in writing about barrier connectivity methods overview of barrier connectivity metrics; not an MCDA,No,NA,NA,NA,NA,NA,NA,NA,NA,NA,NA,NA,NA,NA,NA,NA,NA,NA,NA,
"""prioritiz* AND (dam removal OR dam decommissioning)""","Rollog, M; Cook, NJ; Guagliardo, P; Ehrig, KJ; Kilburn, M",Radionuclide-bearing minerals in Olympic Dam copper concentrates,HYDROMETALLURGY,2019,190,,,,105153,10.1016/j.hydromet.2019.105153,irrelevant,not about dam removal,No,NA,NA,NA,NA,NA,NA,NA,NA,NA,NA,NA,NA,NA,NA,NA,NA,NA,NA,
"""prioritiz* AND (dam removal OR dam decommissioning)""","McManamay, RA; Perkin, JS; Jager, HI",Commonalities in stream connectivity restoration alternatives: an attempt to simplify barrier removal optimization,ECOSPHERE,2019,10,2,,,e02596,10.1002/ecs2.2596,yes,revisit; talk about how to simplify the decision problem by grouping categories of barriers together,Yes,1,0,0,1,0,0,0,0,0,0,0,0,1,0,0,0,0,0,hydropower is parameterized as cost; difficult to decide if this falls just into implementation cost or meeting hydropower generation; decided to include it in meet power generation dams but could have gone either way 
"""prioritiz* AND (dam removal OR dam decommissioning)""","Reilly, KH; Adamowski, JF","Spatial and temporal scale framing of a decision on the future of the Mactaquac Dam in New Brunswick, Canada",ECOLOGY AND SOCIETY,2017,22,3,,,21,10.5751/ES-09535-220321,yes,discuss cognitive framing of the issue of dam removal; may be useful in writing intro ,No,NA,NA,NA,NA,NA,NA,NA,NA,NA,NA,NA,NA,NA,NA,NA,NA,NA,NA,
"""prioritiz* AND (dam removal OR dam decommissioning)""","Thoni, R; Holcomb, J; Nichols, R; Gangloff, MM",Effects of Small Dams on Sunfish Assemblages in North Carolina Piedmont and Coastal Plain Streams,TRANSACTIONS OF THE AMERICAN FISHERIES SOCIETY,2014,143,1,97,103,,10.1080/00028487.2013.829125,yes,similar to the Gangloff study of mussels except about sunfish,No,NA,NA,NA,NA,NA,NA,NA,NA,NA,NA,NA,NA,NA,NA,NA,NA,NA,NA,
"""prioritiz* AND (dam removal OR dam decommissioning)""","O'Hanley, JR",Open rivers: Barrier removal planning and the restoration of free-flowing rivers,JOURNAL OF ENVIRONMENTAL MANAGEMENT,2011,92,12,3112,3120,,10.1016/j.jenvman.2011.07.027,yes,mostly an optimization model but does include a case study so I included this in the MCDA summary,Yes,1,0,0,0,0,0,0,0,0,0,0,0,1,0,0,0,0,0,"the organisms this model applies to are not stated explicitly. Focused on reconnecting ""habitat"" which is also not exactly defined so I considered this inland fisheries not freshwater organism diversity"
"""prioritiz* AND (dam removal OR dam decommissioning)""","Cooper, AR; Infante, DM; O'Hanley, JR; Yu, H; Neeson, TM; Brumm, KJ",Prioritizing native migratory fish passage restoration while limiting the spread of invasive species: A case study in the Upper Mississippi River,SCIENCE OF THE TOTAL ENVIRONMENT,2021,791,,,,148317,10.1016/j.scitotenv.2021.148317,yes,may go back and look at metrics specifically,Yes,1,0,0,1,1,0,0,0,0,0,0,0,1,0,1,0,0,0,because there are specific species the model is developed for I counted this as inland fisheries not diverse assemblage; considers dams that are used for hydropower or navigation are unlikely to be included so only had the fish passage option 
"""prioritiz* AND (dam removal OR dam decommissioning)""","Martin, EH",Assessing and Prioritizing Barriers to Aquatic Connectivity in the Eastern United States,JOURNAL OF THE AMERICAN WATER RESOURCES ASSOCIATION,2019,55,2,401,412,,10.1111/1752-1688.12694,yes,describe the creation of other barrier priotization tools in the American Rivers database (add Penobscot prioritization to that list,No,NA,NA,NA,NA,NA,NA,NA,NA,NA,NA,NA,NA,NA,NA,NA,NA,NA,NA,
"""prioritiz* AND (dam removal OR dam decommissioning)""","Tornblom, J; Angelstam, P; Degerman, E; Tamario, C",Prioritizing dam removal and stream restoration using critical habitat patch threshold for brown trout (Salmo trutta L.): a catchment case study from Sweden,ECOSCIENCE,2017,24,4-Mar,157,166,,10.1080/11956860.2017.1386523,yes,not an MCDA links brown trout presence absence to presence absence of dam,No,NA,NA,NA,NA,NA,NA,NA,NA,NA,NA,NA,NA,NA,NA,NA,NA,NA,NA,
"""prioritiz* AND (dam removal OR dam decommissioning)""","Barbarossa, V; Schmitt, RJP; Huijbregts, MAJ; Zarfl, C; King, H; Schipper, AM",Impacts of current and future large dams on the geographic range connectivity of freshwater fish worldwide,PROCEEDINGS OF THE NATIONAL ACADEMY OF SCIENCES OF THE UNITED STATES OF AMERICA,2020,117,7,3648,3655,,10.1073/pnas.1912776117,yes,not an MCDA; project impacts of future hydropower on freshwater fish. May look into for metrics,No,NA,NA,NA,NA,NA,NA,NA,NA,NA,NA,NA,NA,NA,NA,NA,NA,NA,NA,
"""prioritiz* AND (dam removal OR dam decommissioning)""","McKay, SK; Schramski, JR; Conyngham, JN; Fischenich, JC",Assessing upstream fish passage connectivity with network analysis,ECOLOGICAL APPLICATIONS,2013,23,6,1396,1409,,10.1890/12-1564.1,yes,examine for connectivity metrics,Yes,1,0,0,0,0,0,0,0,0,0,0,0,1,0,0,0,0,0,
"""prioritiz* AND (dam removal OR dam decommissioning)""","Kraft, M; Rosenberg, DE; Null, SE",Prioritizing Stream Barrier Removal to Maximize Connected Aquatic Habitat and Minimize Water Scarcity,JOURNAL OF THE AMERICAN WATER RESOURCES ASSOCIATION,2019,55,2,382,400,,10.1111/1752-1688.12718,yes,trade off water scarcity with trout habitat within budget constraint,Yes,1,0,1,0,0,0,0,0,0,0,0,0,1,0,0,0,0,0,
"""prioritiz* AND (dam removal OR dam decommissioning)""","Januchowski-Hartley, SR; McIntyre, PB; Diebel, M; Doran, PJ; Infante, DM; Joseph, C; Allan, JD",Restoring aquatic ecosystem connectivity requires expanding inventories of both dams and road crossings,FRONTIERS IN ECOLOGY AND THE ENVIRONMENT,2013,11,4,211,217,,10.1890/120168,yes,not an MCDA; a call for systematic cataloging of instream barriers; document 38x more road crossings than dams in the Great Lakes basin highlighting the importance of road crossing to fish passability,No,NA,NA,NA,NA,NA,NA,NA,NA,NA,NA,NA,NA,NA,NA,NA,NA,NA,NA,
"""prioritiz* AND (dam removal OR dam decommissioning)""","Lin, HY; Robinson, K; Milt, A; Walter, L","The application of decision support tools and the influence of local data in prioritizing barrier removal in lower Michigan, USA",JOURNAL OF GREAT LAKES RESEARCH,2019,45,2,360,370,,10.1016/j.jglr.2019.01.008,yes,"skimmed, revisit when writing paper; they make the point that existing barrier removal support tools do not always align with identified management objectives and more information does not always change the outcome of the prioritization model",No,NA,NA,NA,NA,NA,NA,NA,NA,NA,NA,NA,NA,NA,NA,NA,NA,NA,NA,
"""prioritiz* AND (dam removal OR dam decommissioning)""","Casserly, CM; Turner, JN; O'Sullivan, JJ; Bruen, M; Bullock, C; Atkinson, S; Kelly-Quinn, M",Impact of low-head dams on bedload transport rates in coarse-bedded streams,SCIENCE OF THE TOTAL ENVIRONMENT,2020,716,,,,136908,10.1016/j.scitotenv.2020.136908,yes,sent to Matt and Dan; not an MCDA; about the impact of low head dams on sediment transport,No,NA,NA,NA,NA,NA,NA,NA,NA,NA,NA,NA,NA,NA,NA,NA,NA,NA,NA,
"""prioritiz* AND (dam removal OR dam decommissioning)""","Zielinski, DP; Sorensen, PW","Numeric Simulation Demonstrates That the Upstream Movement of Invasive Bigheaded Carp Can Be Blocked at Sets of Mississippi River Locks-and-Dams Using a Combination of Optimized Spillway Gate Operations, Lock Deterrents, and Carp Removal",FISHES,2021,6,2,,,10,10.3390/fishes6020010,yes,not about dam removal about preventing carp from swimming upstream,No,NA,NA,NA,NA,NA,NA,NA,NA,NA,NA,NA,NA,NA,NA,NA,NA,NA,NA,
"""prioritiz* AND (dam removal OR dam decommissioning)""","Jumani, S; Deitch, MJ; Valle, D; Machado, S; Lecours, V; Kaplan, D; Krishnaswamy, J; Howard, J",A new index to quantify longitudinal river fragmentation: Conservation and management implications,ECOLOGICAL INDICATORS,2022,136,,,,108680,10.1016/j.ecolind.2022.108680,yes,not an MCDA; another connectivity metric paper,No,NA,NA,NA,NA,NA,NA,NA,NA,NA,NA,NA,NA,NA,NA,NA,NA,NA,NA,
"""prioritiz* AND (dam removal OR dam decommissioning)""","Moody, AT; Neeson, TM; Wangen, S; Dischler, J; Diebel, MW; Milt, A; Herbert, M; Khoury, M; Yacobson, E; Doran, PJ; Ferris, MC; O'Hanley, JR; McIntyre, PB",Pet Project or Best Project? Online Decision Support Tools for Prioritizing Barrier Removals in the Great Lakes and Beyond,FISHERIES,2017,42,1,57,65,,10.1080/03632415.2016.1263195,yes,describes Fishwerks,No,NA,NA,NA,NA,NA,NA,NA,NA,NA,NA,NA,NA,NA,NA,NA,NA,NA,NA,
"""prioritiz* AND (dam removal OR dam decommissioning)""","Fitzpatrick, KB; Moody, AT; Milt, A; Herbert, ME; Khoury, M; Yacobson, E; Ross, JA; Doran, PJ; Ferris, MC; McIntyre, PB; Neeson, TM",Can indicator species guide conservation investments to restore connectivity in Great Lakes tributaries?,BIODIVERSITY AND CONSERVATION,2021,30,1,165,182,,10.1007/s10531-020-02084-5,yes,not an MCDA per say; they evaluate the effectiveness of using indicator species vs the species themselves; good paper to cite,No,NA,NA,NA,NA,NA,NA,NA,NA,NA,NA,NA,NA,NA,NA,NA,NA,NA,NA,
"""prioritiz* AND (dam removal OR dam decommissioning)""","Rodeles, AA; Galicia, D; Miranda, R",A simple method to assess the fragmentation of freshwater fish meta-populations: Implications for river management and conservation,ECOLOGICAL INDICATORS,2021,125,,,,107557,10.1016/j.ecolind.2021.107557,yes,not an MCDA; another connectivity metric paper,No,NA,NA,NA,NA,NA,NA,NA,NA,NA,NA,NA,NA,NA,NA,NA,NA,NA,NA,
"""prioritiz* AND (dam removal OR dam decommissioning)""","O'Hanley, JR; Wright, J; Diebel, M; Fedora, MA; Soucy, CL",Restoring stream habitat connectivity: A proposed method for prioritizing the removal of resident fish passage barriers,JOURNAL OF ENVIRONMENTAL MANAGEMENT,2013,125,,19,27,,10.1016/j.jenvman.2013.02.055,yes,connectivity metric focused on residents,Yes,1,0,0,0,0,0,0,0,0,0,0,0,0,1,0,0,0,0,consider Strahler order different stream habitat types; hard call between two organism objectives
"""prioritiz* AND (dam removal OR dam decommissioning)""","Kocovsky, PM; Ross, RM; Dropkin, DS",Linking landscapes and habitat suitability scores for diadromous fish restoration in the Susquehanna River basin,NORTH AMERICAN JOURNAL OF FISHERIES MANAGEMENT,2008,28,3,906,918,,10.1577/M06-120.1,yes,not an MCDA,No,NA,NA,NA,NA,NA,NA,NA,NA,NA,NA,NA,NA,NA,NA,NA,NA,NA,NA,
"""prioritiz* AND (dam removal OR dam decommissioning)""","King, S; O'Hanley, JR; Newbold, LR; Kemp, PS; Diebel, MW",A toolkit for optimizing fish passage barrier mitigation actions,JOURNAL OF APPLIED ECOLOGY,2017,54,2,599,611,,10.1111/1365-2664.12706,yes,trade off between cost and connectivity metric which was weighted by expected fish richness,Yes,1,0,0,0,1,0,0,0,0,0,0,0,0,1,0,0,0,0,navigation structures not included for consideration
"""prioritiz* AND (dam removal OR dam decommissioning)""","Neeson, TM; Ferris, MC; Diebel, MW; Doran, PJ; O'Hanley, JR; McIntyre, PB",Enhancing ecosystem restoration efficiency through spatial and temporal coordination,PROCEEDINGS OF THE NATIONAL ACADEMY OF SCIENCES OF THE UNITED STATES OF AMERICA,2015,112,19,6236,6241,,10.1073/pnas.1423812112,yes,trade off cost and barrier passability,Yes,1,0,0,0,0,0,0,0,0,0,0,0,1,0,0,0,0,0,"because it talks about passability only, I consider this inland fisheries; could have gone either way"
"""prioritiz* AND (dam removal OR dam decommissioning)""","Holbrook, CM; Kinnison, MT; Zydlewski, J","Survival of Migrating Atlantic Salmon Smolts through the Penobscot River, Maine: a Prerestoration Assessment",TRANSACTIONS OF THE AMERICAN FISHERIES SOCIETY,2011,140,5,1255,1268,,10.1080/00028487.2011.618356,yes,not and MCDA; evaluated survival of Atlantic salmon smolts through barriers using acoustic telemtry,No,NA,NA,NA,NA,NA,NA,NA,NA,NA,NA,NA,NA,NA,NA,NA,NA,NA,NA,
"""prioritiz* AND (dam removal OR dam decommissioning)""","Hrodey, PJ; Lewandoski, SA; Sullivan, WP; Barber, JM; Mann, KA; Paudel, B; Symbal, MJ",Evolution of the sea lamprey control barrier program: The importance of lowermost barriers,JOURNAL OF GREAT LAKES RESEARCH,2021,47,,S285,S296,,10.1016/j.jglr.2021.10.006,yes,only optimizes keeping barriers in place for the purposes of preventing the spread of lamprey in the Great Lakes region,No,NA,NA,NA,NA,NA,NA,NA,NA,NA,NA,NA,NA,NA,NA,NA,NA,NA,NA,
"""prioritiz* AND (dam removal OR dam decommissioning)""","Merg, ML; Dezerald, O; Kreutzenberger, K; Demski, S; Reyjol, Y; Usseglio-Polatera, P; Belliard, J",Modeling diadromous fish loss from historical data: Identification of anthropogenic drivers and testing of mitigation scenarios,PLOS ONE,2020,15,7,,,e0236575,10.1371/journal.pone.0236575,yes,not an MCDA; takes a retrospective look at the causes of diadromous fish declines; may be interesting paper to have on hand bc it looks like they demonstrated that removal of large dams was not the most effective conservation strategy compared to removal of medium and small dams,No,NA,NA,NA,NA,NA,NA,NA,NA,NA,NA,NA,NA,NA,NA,NA,NA,NA,NA,
"""prioritiz* AND (dam removal OR dam decommissioning)""","Eros, T; O'Hanley, JR; Czegledi, I",A unified model for optimizing riverscape conservation,JOURNAL OF APPLIED ECOLOGY,2018,55,4,1871,1883,,10.1111/1365-2664.13142,yes,model simultaneously selects priority areas for river protection areas and barrier removal,Yes,1,0,0,0,0,0,0,0,0,0,0,0,0,1,0,0,0,0,"they remove from consideration and areas near densely populated areas or with fish ponds, reservoirs and WWTPs which they set aside for ES but do not give enough information to reproduce this decision so I did not give them credit for other objectives"
"""prioritiz* AND (dam removal OR dam decommissioning)""","Neeson, TM; Moody, AT; O'Hanley, JR; Diebel, M; Doran, PJ; Ferris, MC; Colling, T; McIntyre, PB",Aging infrastructure creates opportunities for cost-efficient restoration of aquatic ecosystem connectivity,ECOLOGICAL APPLICATIONS,2018,28,6,1494,1502,,10.1002/eap.1750,yes,very cool example of aligning infrastructure and restoration by priortizing culvert upgrade on roads currently in poor condition,Yes,1,0,0,0,0,0,0,0,0,0,0,0,1,0,0,0,0,0,"because it talks about passability only, I consider this inland fisheries; could have gone either way; transportation from culverts but not dam navigation"
"""prioritiz* AND (dam removal OR dam decommissioning)""","Saghafian, B; Sima, S; Sadeghi, S; Jeirani, F",Application of unit response approach for spatial prioritization of runoff and sediment sources,AGRICULTURAL WATER MANAGEMENT,2012,109,,36,45,,10.1016/j.agwat.2012.02.004,yes,not a dam removal MCDA,No,NA,NA,NA,NA,NA,NA,NA,NA,NA,NA,NA,NA,NA,NA,NA,NA,NA,NA,
"""prioritiz* AND (dam removal OR dam decommissioning)""","Marshall, JC; Lobegeiger, JS; Starkey, A",Risks to Fish Populations in Dryland Rivers From the Combined Threats of Drought and Instream Barriers,FRONTIERS IN ENVIRONMENTAL SCIENCE,2021,9,,,,671556,10.3389/fenvs.2021.671556,yes,not an MDA but does illustrate that in flow intermittency may be an important additional consideration in barrier removal prioritization,No,NA,NA,NA,NA,NA,NA,NA,NA,NA,NA,NA,NA,NA,NA,NA,NA,NA,NA,
"""prioritiz* AND (dam removal OR dam decommissioning)""","Macfarlane, WW; McGinty, CM; Laub, BG; Gifford, SJ",High-resolution riparian vegetation mapping to prioritize conservation and restoration in an impaired desert river,RESTORATION ECOLOGY,2017,25,3,333,341,,10.1111/rec.12425,irrelevant,not a dam removal MCDA,No,NA,NA,NA,NA,NA,NA,NA,NA,NA,NA,NA,NA,NA,NA,NA,NA,NA,NA,
"""prioritiz* AND (dam removal OR dam decommissioning)""","Neeson, TM; Doran, PJ; Ferris, MC; Fitzpatrick, KB; Herbert, M; Khoury, M; Moody, AT; Ross, J; Yacobson, E; McIntyre, PB",Conserving rare species can have high opportunity costs for common species,GLOBAL CHANGE BIOLOGY,2018,24,8,3862,3872,,10.1111/gcb.14162,yes,the primary goal of the analysis is to compare ROI for a priotization strategy which priviledges rare species vs common ones; good paper to cite that 5b and 5c may tradeoff,Yes,1,0,0,0,0,0,0,0,0,0,0,0,1,1,0,0,0,0,if biodiversity is richness only then maybe this paper shouldn't coun't for biodiversity objective
"""prioritiz* AND (dam removal OR dam decommissioning)""","Tamario, C; Degerman, E; Polic, D; Tibblin, P; Forsman, A","Size, connectivity and edge effects of stream habitats explain spatio-temporal variation in brown trout (Salmo trutta) density",PROCEEDINGS OF THE ROYAL SOCIETY B-BIOLOGICAL SCIENCES,2021,288,1961,,,20211255,10.1098/rspb.2021.1255,yes,not an MCDA; use island biogeography and meta-population theory to explain patterns in brown trout density,No,NA,NA,NA,NA,NA,NA,NA,NA,NA,NA,NA,NA,NA,NA,NA,NA,NA,NA,
"""prioritiz* AND (dam removal OR dam decommissioning)""","Bourne, CM; Kehler, DG; Wiersma, YF; Cote, D",Barriers to fish passage and barriers to fish passage assessments: the impact of assessment methods and assumptions on barrier identification and quantification of watershed connectivity,AQUATIC ECOLOGY,2011,45,3,389,403,,10.1007/s10452-011-9362-z,yes,not an MCDA; only connectivity no other tradeoff,No,NA,NA,NA,NA,NA,NA,NA,NA,NA,NA,NA,NA,NA,NA,NA,NA,NA,NA,
"""prioritiz* AND (dam removal OR dam decommissioning)""","Januchowski-Hartley, SR; Diebel, M; Doran, PJ; McIntyre, PB",Predicting road culvert passability for migratory fishes,DIVERSITY AND DISTRIBUTIONS,2014,20,12,1414,1424,,10.1111/ddi.12248,yes,not an MCDA; examine characteristics of road culverts associated with passability; may be good to cite in connectivity section--ignore culverts at your own peril,No,NA,NA,NA,NA,NA,NA,NA,NA,NA,NA,NA,NA,NA,NA,NA,NA,NA,NA,
"""prioritiz* AND (dam removal OR dam decommissioning)""","Radinger, J; Holker, F; Horky, P; Slavik, O; Wolter, C",Improved river continuity facilitates fishes' abilities to track future environmental changes,JOURNAL OF ENVIRONMENTAL MANAGEMENT,2018,208,,169,179,,10.1016/j.jenvman.2017.12.011,yes,not an MCDA; evaluated the impact of barriers on fish connectivity wrt their ability to climate track,No,NA,NA,NA,NA,NA,NA,NA,NA,NA,NA,NA,NA,NA,NA,NA,NA,NA,NA,
"""prioritiz* AND (dam removal OR dam decommissioning)""","Olson, C; Harris, R","Applying a two-stage system to prioritize riparian restoration at the San Luis Rey River, San Diego County, California",RESTORATION ECOLOGY,1997,5,4,43,55,,10.1111/j.1526-100X.1997.00043.x,yes,not about dams,No,NA,NA,NA,NA,NA,NA,NA,NA,NA,NA,NA,NA,NA,NA,NA,NA,NA,NA,
"""prioritiz* AND (dam removal OR dam decommissioning)""","Ihlow, F; Bonke, R; Hartmann, T; Geissler, P; Behler, N; Rodder, D","Habitat suitability, coverage by protected areas and population connectivity for the Siamese crocodile Crocodylus siamensis Schneider, 1801",AQUATIC CONSERVATION-MARINE AND FRESHWATER ECOSYSTEMS,2015,25,4,544,554,,10.1002/aqc.2473,yes,not an MCDA,No,NA,NA,NA,NA,NA,NA,NA,NA,NA,NA,NA,NA,NA,NA,NA,NA,NA,NA,
"""prioritiz* AND (dam removal OR dam decommissioning)""","Segurado, P; Branco, P; Ferreira, MT",Prioritizing restoration of structural connectivity in rivers: a graph based approach,LANDSCAPE ECOLOGY,2013,28,7,1231,1238,,10.1007/s10980-013-9883-z,yes,barrier connectivity metric; not a MCDA because no other objectives traded off,No,NA,NA,NA,NA,NA,NA,NA,NA,NA,NA,NA,NA,NA,NA,NA,NA,NA,NA,
"""prioritiz* AND (dam removal OR dam decommissioning)""","Bowden, AA",Towards a comprehensive strategy to recover river herring on the Atlantic seaboard: lessons from Pacific salmon,ICES JOURNAL OF MARINE SCIENCE,2014,71,3,666,671,,10.1093/icesjms/fst130,yes,not an MCDA,No,NA,NA,NA,NA,NA,NA,NA,NA,NA,NA,NA,NA,NA,NA,NA,NA,NA,NA,
"""prioritiz* AND (dam removal OR dam decommissioning)""","Hayer, JJ; Nysar, D; Heinemann, C; Leubner, CD; Steinhoff-Wagner, J",Implementation of management recommendations in unweaned dairy calves in western Germany and associated challenges,JOURNAL OF DAIRY SCIENCE,2021,104,6,7039,7055,,10.3168/jds.2020-19829,irrelevant,not about dams,No,NA,NA,NA,NA,NA,NA,NA,NA,NA,NA,NA,NA,NA,NA,NA,NA,NA,NA,
"""prioritiz* AND (dam removal OR dam decommissioning)""","Perkin, JS; Gido, KB; Cooper, AR; Turner, TF; Osborne, MJ; Johnson, ER; Mayes, KB",Fragmentation and dewatering transform Great Plains stream fish communities,ECOLOGICAL MONOGRAPHS,2015,85,1,73,92,,10.1890/14-0121.1,yes,includes a barrier prioritization but not as an MCDA; may be a useful paper to go back over and cite,No,NA,NA,NA,NA,NA,NA,NA,NA,NA,NA,NA,NA,NA,NA,NA,NA,NA,NA,
"""prioritiz* AND (dam removal OR dam decommissioning)""","Tao, M; Zhang, X; Wang, SF; Cao, WZ; Jiang, Y",Life cycle assessment on lead-zinc ore mining and beneficiation in China,JOURNAL OF CLEANER PRODUCTION,2019,237,,,,117833,10.1016/j.jclepro.2019.117833,irrelevant,not about dams,No,NA,NA,NA,NA,NA,NA,NA,NA,NA,NA,NA,NA,NA,NA,NA,NA,NA,NA,
"""prioritiz* AND (dam removal OR dam decommissioning)""","Sethi, SA; O'Hanley, JR; Gerken, J; Ashline, J; Bradley, C",High value of ecological information for river connectivity restoration,LANDSCAPE ECOLOGY,2017,32,12,2327,2336,,10.1007/s10980-017-0571-2,yes,"take a habitat approach to anadromous fish connectivity, but one that integrates the life history of the organism",Yes,1,0,0,0,0,0,0,0,0,0,0,0,1,0,0,0,0,0,included implementation cost although this is parameterized as a constraint (given a budget of $X what is the optimal solution)
"""prioritiz* AND (dam removal OR dam decommissioning)""","Ioannidou, C; O'Hanley, JR",The importance of spatiotemporal fish population dynamics in barrier mitigation planning,BIOLOGICAL CONSERVATION,2019,231,,67,76,,10.1016/j.biocon.2019.01.001,yes,use population viability analysis with variable homing frequency to model optimal dam removals for coho salmon,Yes,1,0,0,0,0,0,0,0,0,0,0,0,1,0,0,0,0,0,included implementation cost although this is parameterized as a constraint (given a budget of $X what is the optimal solution)
"""prioritiz* AND (dam removal OR dam decommissioning)""","Munsch, SH; Greene, CM; Mantua, NJ; Satterthwaite, WH",One hundred-seventy years of stressors erode salmon fishery climate resilience in California's warming landscape,GLOBAL CHANGE BIOLOGY,2022,28,7,2183,2201,,10.1111/gcb.16029,irrelevant,not about dam removal; describes how stressors imposed on rivers in the CA central valley reduced the resiliency of the salmon fishery to climate change ,No,NA,NA,NA,NA,NA,NA,NA,NA,NA,NA,NA,NA,NA,NA,NA,NA,NA,NA,
"""prioritiz* AND (dam removal OR dam decommissioning)""","Fryirs, KA; Brierley, GJ",Assessing the geomorphic recovery potential of rivers: forecasting future trajectories of adjustment for use in management,WILEY INTERDISCIPLINARY REVIEWS-WATER,2016,3,5,727,748,,10.1002/wat2.1158,irrelevant,potentially interesting read for the discussion about depressurizing,No,NA,NA,NA,NA,NA,NA,NA,NA,NA,NA,NA,NA,NA,NA,NA,NA,NA,NA,
snowball,"King, S; O'Hanley, JR",Optimal fish passage barrier removal --revisited,RIVER RESEARCH AND APPLICATIONS,2016,32,,418,428,,10.1002/rra.2859,yes,deals more with the algorithm to solve the optimization problem once you have parameterized it; allows consideration of multiple linked scenarios rather than individual structure prioritizations,Yes,1,0,0,0,0,0,0,0,0,0,0,0,1,0,1,0,0,0,included prevent spread of invasive species because they mention a way to parameterize their model to include this as a constraint even though the application to the state of Maine did not include invasives
snowball,Washington Department of Fish and Wildlife,,Fish Passage and Surface Water Diversion Screening Assessment and Prioritization Manual,2009,,,,,,,yes,"skimmed, relied mostly on description in Kocovsky et al. ",Yes,1,0,0,0,0,0,0,0,0,0,0,0,1,0,0,0,0,0,
snowball,"Milt, A.W.; P.J. Doran; M.C. Ferris; A.T. Moody; T.M. Neeson; P.B. McIntyre",Local-scale Benefits of River Connectivity Restoration Planning Beyond Jurisdictional Boundaries,RIVER RESEARCH AND APPLICATIONS,2017,33,5,788,795,,10.1002/rra.3135,yes,another tradeoff between removal cost a fish passage; this analysis specifically examined the benefits of coordinating removal outside of jurisdictional boundaries,Yes,1,0,0,0,0,0,0,0,0,0,0,0,1,0,0,0,0,0,
snowball,"Mader, H; Maier, C. ",A method for prioritizing the reestablishment of river continuity in Austrian rivers,Hydrobiologia,2008,609,,277,288,,10.1007/s10750-008-9406-0,yes,scoring and ranking approach for evaluating the benefits of barrier removal; I don't understand all of the parameters,Yes,1,0,0,0,0,0,0,0,0,0,0,0,0,1,0,0,0,0,
snowball,The Nature Conservancy,Improving hydropower outcomes through system-scale planning: An example from Myanmar,United Kingdom Department for International Development,2016,,,,,,,yes,dam construction optimization,Yes,1,0,0,1,1,1,0,0,0,0,0,0,1,1,0,0,0,0,"other objectives potentially relevant to dam removal: navigation, includes both firm generation and average annual generation"
snowball,"Diebel, M. W.; M. Fedora; S. Congswell; J.R. O'Hanley",Effects of road crossings on habitat connectivity for stream-resident fish,RIVER RESEARCH AND APPLICATIONS,2015,31,,1251,1261,,10.1002/rra.2822,yes,,Yes,1,0,0,0,0,0,0,0,0,0,0,0,1,0,0,0,0,0,
snowball,Olford,Thesis,,2013,,,,,,,yes,,Yes,1,0,0,0,0,0,0,0,0,0,0,0,1,0,0,0,0,0,
snowball,Paulsen,Cost-effectiveness analysis for complex managed hydrosystems: An application to the Columbia River Basin,Journal of Environmental Economics and Management,1995,28,,388,400,,,yes,,Yes,1,0,0,0,0,0,0,0,0,0,0,0,1,0,0,0,0,0,
snowball,"Guy Ziva, Eric Baran, So Nam, Ignacio Rodríguez-Iturbe, and Simon A. Levin","Trading-off fish biodiversity, food security, and hydropower in the Mekong River Basin",PROCEEDINGS OF THE NATIONAL ACADEMY OF SCIENCES OF THE UNITED STATES OF AMERICA,2012,109,15,5609,5614,,10.1073/pnas.1201423109,yes,,Yes,0,0,0,1,0,0,0,0,0,0,0,0,1,1,0,0,0,0,
tool,,Alaska Fish Passage Inventory Database,,,,,,,,,yes,does not include objectives other than fish passage,No,NA,NA,NA,NA,NA,NA,NA,NA,NA,NA,NA,NA,NA,NA,NA,NA,NA,NA,
tool,,Atlantic Costal Fish Habitat Partnership: Fish Habitat Conservation Area Mapping and Prioritization Project ,,,,,,,,,yes,priotizes watersheds not barriers for removal ,No,NA,NA,NA,NA,NA,NA,NA,NA,NA,NA,NA,NA,NA,NA,NA,NA,NA,NA,
tool,,California Passage Assesment Database,,,,,,,,,yes,,Yes,0,0,0,0,0,0,0,0,0,0,0,1,1,1,0,0,0,0,
tool,,Chesapeake Fish Passage Prioritization Tool ,,,,,,,,,yes,"prioritizes for diadromous, brook trout, or resident but not multiple objectives",No,NA,NA,NA,NA,NA,NA,NA,NA,NA,NA,NA,NA,NA,NA,NA,NA,NA,NA,
tool,,Maine Aquatic Barrier Prioritization,,,,,,,,,yes,looks like similar underlying model to the Chesapeake Fish Passage tool,No,NA,NA,NA,NA,NA,NA,NA,NA,NA,NA,NA,NA,NA,NA,NA,NA,NA,NA,
tool,,Fishwerks,,,,,,,,,yes,,Yes,1,0,0,0,0,0,0,0,0,0,0,0,1,0,1,0,0,0,
tool,,Floodplain Assessments: Active River Area,,,,,,,,,yes,does not look like a dam removal MCDA,No,NA,NA,NA,NA,NA,NA,NA,NA,NA,NA,NA,NA,NA,NA,NA,NA,NA,NA,
tool,,Northeast Aquatic Barrier Prioritization,,,,,,,,,yes,similar to Maine and Chesapeake prioritization in focus on anadromous species,No,NA,NA,NA,NA,NA,NA,NA,NA,NA,NA,NA,NA,NA,NA,NA,NA,NA,NA,
tool,,Southeast Aquatic Connectivity Assessment Project,,,,,,,,,yes,seems like the most comprehensive of the prioritization tools wrt objectives and data,Yes,0,0,0,0,0,0,1,1,0,0,0,1,1,1,0,0,0,0,"include social feasibility as a criterion; unclear how they define it, give you the option to filter by whether something is a low-head dam although most are unknown, don't include hydropower capacity although do note if the dam is a hydropower dam"
tool,,Mississippi River Basin Floodplain Tool ,,,,,,,,,yes,cool tool but not related to dam removal,No,NA,NA,NA,NA,NA,NA,NA,NA,NA,NA,NA,NA,NA,NA,NA,NA,NA,NA,
tool,,MA DER Restoration Potential Tool,,,,,,,,https://www.mass.gov/service-details/ders-restoration-potential-model-tool,yes,mapped barriers and estimated ecological benefit of removal; did not include because it does not include multiple objectives,No,NA,NA,NA,NA,NA,NA,NA,NA,NA,NA,NA,NA,NA,NA,NA,NA,NA,NA,
tool,,FishXing,,,,,,,,,yes,about culvert design,No,NA,NA,NA,NA,NA,NA,NA,NA,NA,NA,NA,NA,NA,NA,NA,NA,NA,NA,
tool,,Washington State Fish Passage,,,,,,,,,yes,mapped barriers and their estimated fish passability; did not include because it does not specify multiple objectives,No,NA,NA,NA,NA,NA,NA,NA,NA,NA,NA,NA,NA,NA,NA,NA,NA,NA,NA,
